id;news_for_role;title;tags;summary;description;link;published_dt;published_ts
0;booker;Ошибки в данных физлиц - недостоверные сведения, за которые штрафуют, подтвердил суд;;"Организация представила в инспекцию справки 2-НДФЛ. Налоговики обнаружили в них ошибки: не было ИНН налогоплательщиков, даты рождения указали как 01.01.1900. Организацию оштрафовали. Она обратилась в суд.
Арбитры поддержали контролеров:
- любые сведения в справках...";"Организация представила в инспекцию справки 2-НДФЛ. Налоговики обнаружили в них ошибки: не было ИНН налогоплательщиков, даты рождения указали как 01.01.1900. Организацию оштрафовали. Она обратилась в суд.
Арбитры поддержали контролеров:
- любые сведения в справках...";http://www.consultant.ru/law/review/208422377.html#utm_campaign=rss_db&utm_source=rss_reader&utm_medium=rss;2022-10-07 12:00:00+03:00;1665133200.0
1;booker;Срок на возврат налоговой переплаты считают с даты подачи декларации, указала кассация;;Организация обратилась к налоговикам за возвратом НДС. Контролеры отказали, так как налогоплательщик подал заявление несвоевременно. Спор дошел до суда. Первая инстанция и апелляция поддержали организацию: налогоплательщик подал заявление в пределах 3-летнего...;Организация обратилась к налоговикам за возвратом НДС. Контролеры отказали, так как налогоплательщик подал заявление несвоевременно. Спор дошел до суда. Первая инстанция и апелляция поддержали организацию: налогоплательщик подал заявление в пределах 3-летнего...;http://www.consultant.ru/law/review/208422378.html#utm_campaign=rss_db&utm_source=rss_reader&utm_medium=rss;2022-10-07 12:00:00+03:00;1665133200.0
2;booker;В Москве приняли допмеры поддержки семей мобилизованных;;"Мэр Москвы принял ряд мер соцподдержки семей граждан, которые попали под частичную мобилизацию. Это, например:
- единовременная матпомощь (п. 1.12 указа);
- организация профобучения и дополнительного профобразования супруги и детей трудоспособного возраста...";"Мэр Москвы принял ряд мер соцподдержки семей граждан, которые попали под частичную мобилизацию. Это, например:
- единовременная матпомощь (п. 1.12 указа);
- организация профобучения и дополнительного профобразования супруги и детей трудоспособного возраста...";http://www.consultant.ru/law/review/208422379.html#utm_campaign=rss_db&utm_source=rss_reader&utm_medium=rss;2022-10-07 12:00:00+03:00;1665133200.0
3;booker;Суд поддержал работодателя, который согласовал перенос отдыха из-за болезни на удобные для себя даты;;"Работодатель не обязан переносить отпуск сотрудника из-за болезни на те даты, которые тот просит. Такой вывод сделали суды. Они учли, что организация не отказала в переносе отпуска, но определила для этого период, когда выходил заменяющий сотрудник.
Продлить...";"Работодатель не обязан переносить отпуск сотрудника из-за болезни на те даты, которые тот просит. Такой вывод сделали суды. Они учли, что организация не отказала в переносе отпуска, но определила для этого период, когда выходил заменяющий сотрудник.
Продлить...";http://www.consultant.ru/law/review/208422380.html#utm_campaign=rss_db&utm_source=rss_reader&utm_medium=rss;2022-10-07 12:00:00+03:00;1665133200.0
4;booker;"Проект Приказа Минцифры России ""Об утверждении Порядка выдачи документа, подтверждающего отнесение предусмотренных договором услуг (работ) к разработке программно-аппаратных комплексов""";;"Проект Приказа Минцифры России ""Об утверждении Порядка выдачи документа, подтверждающего отнесение предусмотренных договором услуг (работ) к разработке программно-аппаратных комплексов""";"Проект Приказа Минцифры России ""Об утверждении Порядка выдачи документа, подтверждающего отнесение предусмотренных договором услуг (работ) к разработке программно-аппаратных комплексов""";http://www.consultant.ru/law/hotdocs/link/?id=77427#utm_campaign=rss_hotdocs&utm_source=rss_reader&utm_medium=rss;2022-10-07 17:47:36+03:00;1665154056.0
5;booker;"Указание Банка России от 26.08.2022 N 6227-У ""О критериях, которым должны соответствовать микрофинансовые организации предпринимательского финансирования"" (Зарегистрировано в Минюсте России 28.09.2022 N 70268)";;"С 1 октября 2023 года вводятся критерии, которым должны соответствовать МФО, предоставляющие микрозаймы субъектам МСП и (или) организациям, образующим инфраструктуру поддержки субъектов МСП
Критерии определены в отношении количества заключенных договоров микрозайма...";"С 1 октября 2023 года вводятся критерии, которым должны соответствовать МФО, предоставляющие микрозаймы субъектам МСП и (или) организациям, образующим инфраструктуру поддержки субъектов МСП
Критерии определены в отношении количества заключенных договоров микрозайма...";http://www.consultant.ru/law/hotdocs/77426.html#utm_campaign=rss_hotdocs&utm_source=rss_reader&utm_medium=rss;2022-10-07 15:45:14+03:00;1665146714.0
6;booker;"Постановление Правительства РФ от 06.10.2022 N 1769 ""О внесении изменений в некоторые акты Правительства Российской Федерации и признании утратившими силу некоторых актов Правительства Российской Федерации и отдельных положений некоторых актов Правительства Российской Федерации""";;"В Правилах дорожного движения закреплен порядок езды на электросамокатах, гироскутерах, моноколесах и других аналогичных устройствах
Установлено, в частности, что на средствах индивидуальной мобильности допускается перемещаться со скоростью не более 25 км/ч...";"В Правилах дорожного движения закреплен порядок езды на электросамокатах, гироскутерах, моноколесах и других аналогичных устройствах
Установлено, в частности, что на средствах индивидуальной мобильности допускается перемещаться со скоростью не более 25 км/ч...";http://www.consultant.ru/law/hotdocs/77425.html#utm_campaign=rss_hotdocs&utm_source=rss_reader&utm_medium=rss;2022-10-07 15:20:07+03:00;1665145207.0
7;booker;"<Информация> Банка России от 07.10.2022 ""У инвесторов есть еще месяц на расконвертацию расписок и перевод российских ценных бумаг из-за рубежа""";;"Банк России: инвесторы смогут подать заявление на принудительную конвертацию депозитарных расписок в российские акции до 10 ноября 2022 года включительно
До указанной даты также продлевается возможность перевода отечественных ценных бумаг из иностранного депозитария...";"Банк России: инвесторы смогут подать заявление на принудительную конвертацию депозитарных расписок в российские акции до 10 ноября 2022 года включительно
До указанной даты также продлевается возможность перевода отечественных ценных бумаг из иностранного депозитария...";http://www.consultant.ru/law/hotdocs/77424.html#utm_campaign=rss_hotdocs&utm_source=rss_reader&utm_medium=rss;2022-10-07 14:56:15+03:00;1665143775.0
8;booker;"Федеральный закон от 07.10.2022 N 390-ФЗ ""О внесении изменений в Федеральный закон ""О промышленной политике в Российской Федерации""";;"Установлены особенности формирования и реализации промышленной политики в сфере проектирования, строительства, ремонта и утилизации судов
Установлено, что формирование и реализация промышленной политики в сфере проектирования, строительства, ремонта, утилизации...";"Установлены особенности формирования и реализации промышленной политики в сфере проектирования, строительства, ремонта и утилизации судов
Установлено, что формирование и реализация промышленной политики в сфере проектирования, строительства, ремонта, утилизации...";http://www.consultant.ru/law/hotdocs/77423.html#utm_campaign=rss_hotdocs&utm_source=rss_reader&utm_medium=rss;2022-10-07 14:35:06+03:00;1665142506.0
9;booker;"Федеральный закон от 07.10.2022 N 391-ФЗ ""О внесении изменений в статью 5 Федерального закона ""Об отходах производства и потребления""";;"Расширен перечень полномочий Российской Федерации в области обращения с отходами производства и потребления
Внесенными изменениями к полномочиям Российской Федерации отнесено в том числе утверждение порядка рассмотрения в досудебном порядке споров, возникающих...";"Расширен перечень полномочий Российской Федерации в области обращения с отходами производства и потребления
Внесенными изменениями к полномочиям Российской Федерации отнесено в том числе утверждение порядка рассмотрения в досудебном порядке споров, возникающих...";http://www.consultant.ru/law/hotdocs/77422.html#utm_campaign=rss_hotdocs&utm_source=rss_reader&utm_medium=rss;2022-10-07 14:35:06+03:00;1665142506.0
10;booker;"Федеральный закон от 07.10.2022 N 392-ФЗ ""О внесении изменений в статьи 5 и 11 Федерального закона ""Об ответственном обращении с животными и о внесении изменений в отдельные законодательные акты Российской Федерации""";;"С 1 марта 2023 года содержание животных в местах их продажи будет осуществляться в соответствии с требованиями, установленными Правительством РФ
Соответствующие изменения внесены в Федеральный закон ""Об ответственном обращении с животными и о внесении...";"С 1 марта 2023 года содержание животных в местах их продажи будет осуществляться в соответствии с требованиями, установленными Правительством РФ
Соответствующие изменения внесены в Федеральный закон ""Об ответственном обращении с животными и о внесении...";http://www.consultant.ru/law/hotdocs/77421.html#utm_campaign=rss_hotdocs&utm_source=rss_reader&utm_medium=rss;2022-10-07 14:35:05+03:00;1665142505.0
11;booker;"Федеральный закон от 07.10.2022 N 393-ФЗ ""О внесении изменений в Федеральный закон ""О некоммерческих организациях""";;"Закреплено требование об обязательном предварительном согласовании крупной сделки автономной некоммерческой организации ее учредителями либо коллегиальным высшим органом управления
Крупной сделкой автономной некоммерческой организации признаются сделка или...";"Закреплено требование об обязательном предварительном согласовании крупной сделки автономной некоммерческой организации ее учредителями либо коллегиальным высшим органом управления
Крупной сделкой автономной некоммерческой организации признаются сделка или...";http://www.consultant.ru/law/hotdocs/77420.html#utm_campaign=rss_hotdocs&utm_source=rss_reader&utm_medium=rss;2022-10-07 14:35:04+03:00;1665142504.0
12;booker;"Федеральный закон от 07.10.2022 N 394-ФЗ ""О внесении изменений в Федеральный закон ""О благотворительной деятельности и добровольчестве (волонтерстве)""";;"Расширены цели волонтерской деятельности и меры господдержки
В соответствии с принятым законом благотворительная и добровольческая (волонтерская) деятельность может осуществляться также в целях содействия медицинским организациям в оказании медицинской помощи...";"Расширены цели волонтерской деятельности и меры господдержки
В соответствии с принятым законом благотворительная и добровольческая (волонтерская) деятельность может осуществляться также в целях содействия медицинским организациям в оказании медицинской помощи...";http://www.consultant.ru/law/hotdocs/77419.html#utm_campaign=rss_hotdocs&utm_source=rss_reader&utm_medium=rss;2022-10-07 14:35:04+03:00;1665142504.0
13;booker;"Федеральный закон от 07.10.2022 N 395-ФЗ ""О внесении изменений в Федеральный закон ""О ведомственной охране""";;"Уточнены организационно-правовые основы деятельности ведомственной охраны
Внесенными изменениями, в частности, корректируются основания создания ведомственной охраны, уточняются органы и организации, имеющие право на создание ведомственной охраны, а также...";"Уточнены организационно-правовые основы деятельности ведомственной охраны
Внесенными изменениями, в частности, корректируются основания создания ведомственной охраны, уточняются органы и организации, имеющие право на создание ведомственной охраны, а также...";http://www.consultant.ru/law/hotdocs/77418.html#utm_campaign=rss_hotdocs&utm_source=rss_reader&utm_medium=rss;2022-10-07 14:35:03+03:00;1665142503.0
14;booker;"Федеральный закон от 07.10.2022 N 396-ФЗ ""О внесении изменений в статьи 3 и 13 Федерального закона ""Об ответственном обращении с животными и о внесении изменений в отдельные законодательные акты Российской Федерации""";;"Требования по выгулу домашних животных больше не распространяются на собак-проводников
Соответствующие изменения внесены в Федеральный закон ""Об ответственном обращении с животными и о внесении изменений в отдельные законодательные акты Российской Федерации"".
Согласно...";"Требования по выгулу домашних животных больше не распространяются на собак-проводников
Соответствующие изменения внесены в Федеральный закон ""Об ответственном обращении с животными и о внесении изменений в отдельные законодательные акты Российской Федерации"".
Согласно...";http://www.consultant.ru/law/hotdocs/77417.html#utm_campaign=rss_hotdocs&utm_source=rss_reader&utm_medium=rss;2022-10-07 14:35:03+03:00;1665142503.0
15;booker;"Федеральный закон от 07.10.2022 N 397-ФЗ ""О внесении изменений в статью 4 Федерального закона ""О науке и государственной научно-технической политике"" и статью 11 Федерального закона ""Об образовании в Российской Федерации""";;"Расширены академические права ряда образовательных организаций: вузы ""Сколково"" наделены правом разрабатывать образовательные стандарты
Так, образовательные организации высшего образования, осуществляющие образовательную деятельность на территории...";"Расширены академические права ряда образовательных организаций: вузы ""Сколково"" наделены правом разрабатывать образовательные стандарты
Так, образовательные организации высшего образования, осуществляющие образовательную деятельность на территории...";http://www.consultant.ru/law/hotdocs/77416.html#utm_campaign=rss_hotdocs&utm_source=rss_reader&utm_medium=rss;2022-10-07 14:35:02+03:00;1665142502.0
16;booker;"Федеральный закон от 07.10.2022 N 398-ФЗ ""О внесении изменений в Федеральный закон ""О сельскохозяйственной кооперации""";;"Установлена возможность принятия общим собранием членов сельскохозяйственного кооператива решений без проведения заседаний - заочным голосованием
Определено, что решения общего собрания кооператива по вопросам принятия устава кооператива в новой редакции...";"Установлена возможность принятия общим собранием членов сельскохозяйственного кооператива решений без проведения заседаний - заочным голосованием
Определено, что решения общего собрания кооператива по вопросам принятия устава кооператива в новой редакции...";http://www.consultant.ru/law/hotdocs/77415.html#utm_campaign=rss_hotdocs&utm_source=rss_reader&utm_medium=rss;2022-10-07 14:35:02+03:00;1665142502.0
17;booker;"Федеральный закон от 07.10.2022 N 385-ФЗ ""О внесении изменений в Земельный кодекс Российской Федерации и признании утратившей силу части 7 статьи 34 Федерального закона ""О внесении изменений в Земельный кодекс Российской Федерации и отдельные законодательные акты Российской Федерации""";;"Подписан закон о проведении в электронной форме аукционов на право заключения договоров купли-продажи или аренды земельных участков, находящихся в государственной собственности
Предусмотрено, что электронный аукцион проводится на электронной площадке ее оператором...";"Подписан закон о проведении в электронной форме аукционов на право заключения договоров купли-продажи или аренды земельных участков, находящихся в государственной собственности
Предусмотрено, что электронный аукцион проводится на электронной площадке ее оператором...";http://www.consultant.ru/law/hotdocs/77414.html#utm_campaign=rss_hotdocs&utm_source=rss_reader&utm_medium=rss;2022-10-07 13:58:46+03:00;1665140326.0
18;booker;"Федеральный закон от 07.10.2022 N 386-ФЗ ""О внесении изменения в статью 1363 части четвертой Гражданского кодекса Российской Федерации""";;"Установлены основания признания недействительным продление срока действия исключительного права на изобретение, относящееся к такому продукту, как лекарственное средство, пестицид или агрохимикат, и действия удостоверяющего его дополнительного патента
Определено...";"Установлены основания признания недействительным продление срока действия исключительного права на изобретение, относящееся к такому продукту, как лекарственное средство, пестицид или агрохимикат, и действия удостоверяющего его дополнительного патента
Определено...";http://www.consultant.ru/law/hotdocs/77413.html#utm_campaign=rss_hotdocs&utm_source=rss_reader&utm_medium=rss;2022-10-07 13:34:52+03:00;1665138892.0
19;booker;"Федеральный закон от 07.10.2022 N 387-ФЗ ""О внесении изменений в статью 52 Арбитражного процессуального кодекса Российской Федерации и статью 45 Гражданского процессуального кодекса Российской Федерации""";;"Принят закон, расширяющий полномочия прокурора
Закон наделяет прокуроров правом обратиться в арбитражный суд с исками о признании недействительными сделок, совершенных с нарушением законодательства о ПОД/ФТ, налогового, валютного и таможенного законодательства...";"Принят закон, расширяющий полномочия прокурора
Закон наделяет прокуроров правом обратиться в арбитражный суд с исками о признании недействительными сделок, совершенных с нарушением законодательства о ПОД/ФТ, налогового, валютного и таможенного законодательства...";http://www.consultant.ru/law/hotdocs/77412.html#utm_campaign=rss_hotdocs&utm_source=rss_reader&utm_medium=rss;2022-10-07 13:30:40+03:00;1665138640.0
20;booker;"Федеральный закон от 07.10.2022 N 388-ФЗ ""О внесении изменений в Кодекс внутреннего водного транспорта Российской Федерации""";;"Закреплено право администрации бассейна внутренних водных путей ограничивать или запрещать движение судов в случае проведения культурно-массовых, официальных физкультурных и спортивных соревнований на внутренних водных путях
Указанное решение принимается в...";"Закреплено право администрации бассейна внутренних водных путей ограничивать или запрещать движение судов в случае проведения культурно-массовых, официальных физкультурных и спортивных соревнований на внутренних водных путях
Указанное решение принимается в...";http://www.consultant.ru/law/hotdocs/77411.html#utm_campaign=rss_hotdocs&utm_source=rss_reader&utm_medium=rss;2022-10-07 13:29:07+03:00;1665138547.0
21;booker;"Федеральный закон от 07.10.2022 N 389-ФЗ ""О внесении изменений в Федеральный закон ""О порядке осуществления иностранных инвестиций в хозяйственные общества, имеющие стратегическое значение для обеспечения обороны страны и безопасности государства""";;"Подписан закон, направленный на усиление госконтроля за осуществлением иностранных инвестиций в сфере рыболовства
В соответствии с принятым законом не только добыча водных биоресурсов (изъятие водных биоресурсов из среды их обитания), но и осуществление иных...";"Подписан закон, направленный на усиление госконтроля за осуществлением иностранных инвестиций в сфере рыболовства
В соответствии с принятым законом не только добыча водных биоресурсов (изъятие водных биоресурсов из среды их обитания), но и осуществление иных...";http://www.consultant.ru/law/hotdocs/77410.html#utm_campaign=rss_hotdocs&utm_source=rss_reader&utm_medium=rss;2022-10-07 13:26:44+03:00;1665138404.0
22;booker;"Федеральный закон от 07.10.2022 N 381-ФЗ ""О внесении изменений в отдельные законодательные акты Российской Федерации""";;"Срок подачи заявлений на принудительную конвертацию отечественных ценных бумаг иностранного эмитента в акции российского эмитента продлен до 10 ноября 2022 года
До внесения соответствующих поправок указанный срок истекал 11 октября 2022 года.
Также законом...";"Срок подачи заявлений на принудительную конвертацию отечественных ценных бумаг иностранного эмитента в акции российского эмитента продлен до 10 ноября 2022 года
До внесения соответствующих поправок указанный срок истекал 11 октября 2022 года.
Также законом...";http://www.consultant.ru/law/hotdocs/77409.html#utm_campaign=rss_hotdocs&utm_source=rss_reader&utm_medium=rss;2022-10-07 13:21:10+03:00;1665138070.0
23;booker;"Федеральный закон от 07.10.2022 N 382-ФЗ ""О внесении изменений в Уголовно-процессуальный кодекс Российской Федерации""";;"Таможенные органы наделены полномочиями по производству дознания по уголовным делам о преступлениях, связанных с выводом капитала за рубеж
Речь идет о преступлениях, предусмотренных частью первой статьи 193 (""Уклонение от исполнения обязанностей по репатриации...";"Таможенные органы наделены полномочиями по производству дознания по уголовным делам о преступлениях, связанных с выводом капитала за рубеж
Речь идет о преступлениях, предусмотренных частью первой статьи 193 (""Уклонение от исполнения обязанностей по репатриации...";http://www.consultant.ru/law/hotdocs/77408.html#utm_campaign=rss_hotdocs&utm_source=rss_reader&utm_medium=rss;2022-10-07 13:21:09+03:00;1665138069.0
24;booker;"Федеральный закон от 07.10.2022 N 383-ФЗ ""О внесении изменений в Уголовно-процессуальный кодекс Российской Федерации""";;"Установлены срок применения меры пресечения в виде залога и порядок ее продления
Определено, что залог в качестве меры пресечения применяется в отношении подозреваемого либо обвиняемого по решению суда на срок до двух месяцев. Срок применения данной меры пресечения...";"Установлены срок применения меры пресечения в виде залога и порядок ее продления
Определено, что залог в качестве меры пресечения применяется в отношении подозреваемого либо обвиняемого по решению суда на срок до двух месяцев. Срок применения данной меры пресечения...";http://www.consultant.ru/law/hotdocs/77407.html#utm_campaign=rss_hotdocs&utm_source=rss_reader&utm_medium=rss;2022-10-07 13:18:01+03:00;1665137881.0
25;booker;"Федеральный закон от 07.10.2022 N 384-ФЗ ""О внесении изменений в статью 401.6 Уголовно-процессуального кодекса Российской Федерации""";;"Ограничен срок пересмотра решения суда о компенсации реабилитированному имущественного вреда
Пересмотр в кассации постановления суда о возмещении реабилитированному имущественного вреда по основаниям, влекущим ухудшение его положения, не допускается в срок...";"Ограничен срок пересмотра решения суда о компенсации реабилитированному имущественного вреда
Пересмотр в кассации постановления суда о возмещении реабилитированному имущественного вреда по основаниям, влекущим ухудшение его положения, не допускается в срок...";http://www.consultant.ru/law/hotdocs/77406.html#utm_campaign=rss_hotdocs&utm_source=rss_reader&utm_medium=rss;2022-10-07 13:18:02+03:00;1665137882.0
26;booker;"Федеральный закон от 07.10.2022 N 376-ФЗ ""О внесении изменений в Трудовой кодекс Российской Федерации""";;"В ТК РФ внесены изменения, закрепляющие за мобилизованными гражданами право на сохранение рабочих мест
ТК РФ дополнен статьей 351.7, которой установлены особенности обеспечения трудовых прав работников, призванных на военную службу по мобилизации или поступивших...";"В ТК РФ внесены изменения, закрепляющие за мобилизованными гражданами право на сохранение рабочих мест
ТК РФ дополнен статьей 351.7, которой установлены особенности обеспечения трудовых прав работников, призванных на военную службу по мобилизации или поступивших...";http://www.consultant.ru/law/hotdocs/77398.html#utm_campaign=rss_hotdocs&utm_source=rss_reader&utm_medium=rss;2022-10-07 12:17:15+03:00;1665134235.0
27;booker;"Федеральный закон от 07.10.2022 N 377-ФЗ ""Об особенностях исполнения обязательств по кредитным договорам (договорам займа) лицами, призванными на военную службу по мобилизации в Вооруженные Силы Российской Федерации, лицами, принимающими участие в специальной военной операции, а также членами их семей и о внесении изменений в отдельные законодательные акты Российской Федерации""";;"Подписан закон об установлении льготного периода для исполнения обязательств по кредитным договорам, заключенным мобилизованными лицами, контрактниками, участниками СВО и членами их семей
Законом предусматривается возможность в период до 31 декабря 2023 года...";"Подписан закон об установлении льготного периода для исполнения обязательств по кредитным договорам, заключенным мобилизованными лицами, контрактниками, участниками СВО и членами их семей
Законом предусматривается возможность в период до 31 декабря 2023 года...";http://www.consultant.ru/law/hotdocs/77397.html#utm_campaign=rss_hotdocs&utm_source=rss_reader&utm_medium=rss;2022-10-07 12:17:14+03:00;1665134234.0
28;booker;"Федеральный закон от 07.10.2022 N 378-ФЗ ""О внесении изменений в статьи 166 и 169 Жилищного кодекса Российской Федерации и Федеральный закон ""О внесении изменений в отдельные законодательные акты Российской Федерации""";;"Граждане, заключившие контракт в связи с мобилизацией, и члены их семей освобождаются от начисления пеней за просрочку внесения платы за ЖКУ и взносов на капремонт
Освобождение действует до прекращения действия указанного контракта.
Установлено также, что...";"Граждане, заключившие контракт в связи с мобилизацией, и члены их семей освобождаются от начисления пеней за просрочку внесения платы за ЖКУ и взносов на капремонт
Освобождение действует до прекращения действия указанного контракта.
Установлено также, что...";http://www.consultant.ru/law/hotdocs/77396.html#utm_campaign=rss_hotdocs&utm_source=rss_reader&utm_medium=rss;2022-10-07 12:17:14+03:00;1665134234.0
29;booker;"Федеральный закон от 07.10.2022 N 379-ФЗ ""О внесении изменений в отдельные законодательные акты Российской Федерации""";;"Гражданским служащим, призванным на военную службу по мобилизации, гарантируется сохранение замещаемой ими должности на весь период прохождения военной службы
При этом прохождение гражданской службы приостанавливается, а причитающееся им денежное содержание...";"Гражданским служащим, призванным на военную службу по мобилизации, гарантируется сохранение замещаемой ими должности на весь период прохождения военной службы
При этом прохождение гражданской службы приостанавливается, а причитающееся им денежное содержание...";http://www.consultant.ru/law/hotdocs/77395.html#utm_campaign=rss_hotdocs&utm_source=rss_reader&utm_medium=rss;2022-10-07 12:17:13+03:00;1665134233.0
30;booker;"Проект Приказа Минэкономразвития России ""О внесении изменений в требования к реализации мероприятий, осуществляемых субъектами Российской Федерации, бюджетам которых предоставляются субсидии на государственную поддержку малого и среднего предпринимательства, а также физических лиц, применяющих специальный налоговый режим ""Налог на профессиональный доход"", в субъектах Российской Федерации, направленных на достижение целей, показателей и результатов региональных проектов, обеспечивающих достижение целей, показателей и результатов федеральных проектов, входящих в состав национального проекта ""Малое и среднее предпринимательство и поддержка индивидуальной предпринимательской инициативы"", и требования к организациям, образующим инфраструктуру поддержки субъектов малого и среднего предпринимательства, утвержденные Приказом Минэкономразвития России от 26 марта 2021 г. N 142""";;"Минэкономразвития предлагает предоставить отсрочку исполнения обязательств субъектами МСП и самозанятыми лицами до демобилизации
В случае призыва на военную службу по мобилизации или прохождения военной службы по контракту проектом приказа предусматриваются...";"Минэкономразвития предлагает предоставить отсрочку исполнения обязательств субъектами МСП и самозанятыми лицами до демобилизации
В случае призыва на военную службу по мобилизации или прохождения военной службы по контракту проектом приказа предусматриваются...";http://www.consultant.ru/law/hotdocs/77394.html#utm_campaign=rss_hotdocs&utm_source=rss_reader&utm_medium=rss;2022-10-07 10:38:09+03:00;1665128289.0
31;booker;"<Письмо> ФНС России от 30.09.2022 N ШЮ-4-13/13043@ ""О раскрытии информации о контроле над лицами иностранных государств, совершающих недружественные действия (подпункт ""б"" пункта 12 Указа Президента РФ от 05.02.2022 N 95)""";;"ФНС разъяснила, как направить запрос и получить подтверждение о представлении контролирующим лицом в налоговый орган уведомления о КИК
Разъясняется, кто признается контролирующим лицом иностранной организации, приведены сроки представления уведомлений о КИК...";"ФНС разъяснила, как направить запрос и получить подтверждение о представлении контролирующим лицом в налоговый орган уведомления о КИК
Разъясняется, кто признается контролирующим лицом иностранной организации, приведены сроки представления уведомлений о КИК...";http://www.consultant.ru/law/hotdocs/77393.html#utm_campaign=rss_hotdocs&utm_source=rss_reader&utm_medium=rss;2022-10-07 10:12:24+03:00;1665126744.0
32;booker;"<Информация> ФНС России от 07.10.2022 ""Узнать ИНН и при желании получить его на бумаге мобилизованные граждане могут в любой инспекции без очереди""";;"При предъявлении мобилизационного предписания (повестки) гражданин вправе получить бумажное свидетельство о постановке на налоговый учет (ИНН) в любой инспекции вне очереди
Свидетельство или выписка из ЕГРН будут выданы в течение двух часов с момента обращения.
Кроме...";"При предъявлении мобилизационного предписания (повестки) гражданин вправе получить бумажное свидетельство о постановке на налоговый учет (ИНН) в любой инспекции вне очереди
Свидетельство или выписка из ЕГРН будут выданы в течение двух часов с момента обращения.
Кроме...";http://www.consultant.ru/law/hotdocs/77392.html#utm_campaign=rss_hotdocs&utm_source=rss_reader&utm_medium=rss;2022-10-07 10:12:24+03:00;1665126744.0
33;booker;"<Письмо> ФНС России от 04.10.2022 N КВ-4-14/13178@ ""О постановке ФЛ на учет в НО и выдаче документов, содержащих сведения об ИНН, в ускоренном порядке в связи с мобилизацией""";;"При предъявлении мобилизационного предписания (повестки) гражданин вправе получить бумажное свидетельство о постановке на налоговый учет (ИНН) в любой инспекции вне очереди
Свидетельство или выписка из ЕГРН будут выданы в течение двух часов с момента обращения.
Кроме...";"При предъявлении мобилизационного предписания (повестки) гражданин вправе получить бумажное свидетельство о постановке на налоговый учет (ИНН) в любой инспекции вне очереди
Свидетельство или выписка из ЕГРН будут выданы в течение двух часов с момента обращения.
Кроме...";http://www.consultant.ru/law/hotdocs/77400.html#utm_campaign=rss_hotdocs&utm_source=rss_reader&utm_medium=rss;2022-10-07 13:58:56+03:00;1665140336.0
34;booker;"<Письмо> ФНС России от 29.09.2022 N АБ-4-19/12938@ ""О проведении сверки расчетов""";;"ФНС: основания для отказа налогоплательщику в проведении совместной сверки расчетов НК РФ не предусмотрены
В соответствии с подпунктом 5.1 пункта 1 статьи 21 НК РФ  налогоплательщик имеет право на осуществление совместной с налоговыми  органами сверки расчетов...";"ФНС: основания для отказа налогоплательщику в проведении совместной сверки расчетов НК РФ не предусмотрены
В соответствии с подпунктом 5.1 пункта 1 статьи 21 НК РФ  налогоплательщик имеет право на осуществление совместной с налоговыми  органами сверки расчетов...";http://www.consultant.ru/law/hotdocs/77401.html#utm_campaign=rss_hotdocs&utm_source=rss_reader&utm_medium=rss;2022-10-07 13:59:02+03:00;1665140342.0
35;booker;"Постановление Правительства РФ от 03.10.2022 N 1757 ""О внесении изменений в Постановление Правительства Российской Федерации от 13 октября 2020 г. N 1680""";;"Внесены уточнения в порядок расчета нормативов, составляющих деятельность единого института развития в жилищной сфере (ДОМ.РФ)
В частности, в новой редакции изложены отдельные положения  методики расчета нормативов финансовой устойчивости, количественной...";"Внесены уточнения в порядок расчета нормативов, составляющих деятельность единого института развития в жилищной сфере (ДОМ.РФ)
В частности, в новой редакции изложены отдельные положения  методики расчета нормативов финансовой устойчивости, количественной...";http://www.consultant.ru/law/hotdocs/77402.html#utm_campaign=rss_hotdocs&utm_source=rss_reader&utm_medium=rss;2022-10-07 13:59:07+03:00;1665140347.0
36;booker;"Приказ Минюста России от 30.09.2022 N 210 ""О внесении изменений в Порядок замещения временно отсутствующего нотариуса, утвержденный Приказом Министерства юстиции Российской Федерации от 29.06.2015 N 148"" (вместе с ""Изменениями, вносимыми в Порядок замещения временно отсутствующего нотариуса, утвержденный Приказом Министерства юстиции Российской Федерации от 29.06.2015 N 148"", утв. решением Правления ФНП от 12.09.2022 N 15/22) (Зарегистрировано в Минюсте России 06.10.2022 N 70403)";;"Уточнена процедура прекращения полномочий лица, замещающего временно отсутствующего нотариуса
Кроме того, в том числе скорректированы требования к документам, представляемым в нотариальную палату субъекта РФ для наделения помощника нотариуса и лица, соответствующего...";"Уточнена процедура прекращения полномочий лица, замещающего временно отсутствующего нотариуса
Кроме того, в том числе скорректированы требования к документам, представляемым в нотариальную палату субъекта РФ для наделения помощника нотариуса и лица, соответствующего...";http://www.consultant.ru/law/hotdocs/77403.html#utm_campaign=rss_hotdocs&utm_source=rss_reader&utm_medium=rss;2022-10-07 13:59:12+03:00;1665140352.0
37;booker;<Письмо> Минстроя России от 27.09.2022 N 49588-СМ/09 <О применении Постановления Правительства РФ от 09.08.2021 N 1315>;;"Рассмотрен вопрос об изменении цены контракта в связи с существенным увеличением в 2021 и 2022 годах цен на строительные ресурсы
В частности, сообщается, что размер изменения (увеличения) цены  контракта определяется в порядке, установленном Методикой составления...";"Рассмотрен вопрос об изменении цены контракта в связи с существенным увеличением в 2021 и 2022 годах цен на строительные ресурсы
В частности, сообщается, что размер изменения (увеличения) цены  контракта определяется в порядке, установленном Методикой составления...";http://www.consultant.ru/law/hotdocs/77404.html#utm_campaign=rss_hotdocs&utm_source=rss_reader&utm_medium=rss;2022-10-07 13:59:19+03:00;1665140359.0
38;booker;<Письмо> Росалкогольрегулирования от 23.09.2022 N г-4192/02-06 <По вопросу смерти физического лица, зарегистрированного в качестве индивидуального предпринимателя и приостановления фиксации сведений об обороте алкогольной продукции в ЕГАИС>;;"Росалкогольрегулирование: в случае смерти физического  лица, зарегистрированного в качестве ИП, государственная регистрация  такого лица в качестве ИП утрачивает силу
Наличие сведений о снятии ИП с регистрационного учета является  основанием для приостановления...";"Росалкогольрегулирование: в случае смерти физического  лица, зарегистрированного в качестве ИП, государственная регистрация  такого лица в качестве ИП утрачивает силу
Наличие сведений о снятии ИП с регистрационного учета является  основанием для приостановления...";http://www.consultant.ru/law/hotdocs/77405.html#utm_campaign=rss_hotdocs&utm_source=rss_reader&utm_medium=rss;2022-10-07 13:59:28+03:00;1665140368.0
39;booker;"Обзор: ""Уточнили порядок расчета НМЦК и методику составления смет для строительных госзакупок""";;"Обзор: ""Уточнили порядок расчета НМЦК и методику составления смет для строительных госзакупок""";"Обзор: ""Уточнили порядок расчета НМЦК и методику составления смет для строительных госзакупок""";http://www.consultant.ru/law/hotdocs/link/?id=77399#utm_campaign=rss_hotdocs&utm_source=rss_reader&utm_medium=rss;2022-10-07 12:47:38+03:00;1665136058.0
40;booker;"<Письмо> Минпросвещения России от 20.09.2022 N АБ-2648/10 ""О мерах по противодействию распространению COVID-19""";;"Минпросвещения России напоминает о необходимости соблюдения мер по противодействию распространению COVID-19 в образовательных организациях
В письме приводятся акты, которыми необходимо руководствоваться государственным и муниципальным организациям, реализующим...";"Минпросвещения России напоминает о необходимости соблюдения мер по противодействию распространению COVID-19 в образовательных организациях
В письме приводятся акты, которыми необходимо руководствоваться государственным и муниципальным организациям, реализующим...";http://www.consultant.ru/law/hotdocs/77389.html#utm_campaign=rss_hotdocs&utm_source=rss_reader&utm_medium=rss;2022-10-06 16:31:40+03:00;1665063100.0
41;booker;"<Информация> Минэкономразвития России ""О средней цене на нефть сорта ""Юралс"" за сентябрь 2022 года""";;"Средняя цена на нефть сорта ""Юралс"" на мировых рынках за сентябрь 2022 года составляет 68,61 долл. США за баррель
Минэкономразвития России информирует о средней за истекший месяц цене на нефть сорта ""Юралс"" в целях определения коэффициента...";"Средняя цена на нефть сорта ""Юралс"" на мировых рынках за сентябрь 2022 года составляет 68,61 долл. США за баррель
Минэкономразвития России информирует о средней за истекший месяц цене на нефть сорта ""Юралс"" в целях определения коэффициента...";http://www.consultant.ru/law/hotdocs/77390.html#utm_campaign=rss_hotdocs&utm_source=rss_reader&utm_medium=rss;2022-10-06 16:31:47+03:00;1665063107.0
42;booker;"Приказ Минэкономразвития России от 29.09.2022 N 522 ""О внесении изменений в Приказ Минэкономразвития России от 18 марта 2022 г. N 136 ""О реализации мер поддержки системообразующих организаций, предусмотренных Постановлением Правительства Российской Федерации от 10 мая 2020 г. N 651"" (Зарегистрировано в Минюсте России 06.10.2022 N 70402)";;"Уточнен порядок реализации в 2022 году мер поддержки системообразующих организаций в связи с пандемией коронавируса и санкциями
Скорректирован порядок рассмотрения заявлений организаций о предоставлении мер господдержки и проведения анализа финансово-хозяйственной...";"Уточнен порядок реализации в 2022 году мер поддержки системообразующих организаций в связи с пандемией коронавируса и санкциями
Скорректирован порядок рассмотрения заявлений организаций о предоставлении мер господдержки и проведения анализа финансово-хозяйственной...";http://www.consultant.ru/law/hotdocs/77391.html#utm_campaign=rss_hotdocs&utm_source=rss_reader&utm_medium=rss;2022-10-06 16:36:41+03:00;1665063401.0
43;booker;"<Информация> ФНС России от 06.10.2022 ""ФНС России ответила на часто задаваемые вопросы об исполнении гражданами налоговых уведомлений в 2022 году""";;"ФНС опубликованы ответы на вопросы, касающиеся исполнения полученных физлицами уведомлений на уплату налогов за 2021 год
В информации приведены ответы по следующим вопросам: может ли на имя несовершеннолетнего лица приходить уведомление на уплату земельного...";"ФНС опубликованы ответы на вопросы, касающиеся исполнения полученных физлицами уведомлений на уплату налогов за 2021 год
В информации приведены ответы по следующим вопросам: может ли на имя несовершеннолетнего лица приходить уведомление на уплату земельного...";http://www.consultant.ru/law/hotdocs/77388.html#utm_campaign=rss_hotdocs&utm_source=rss_reader&utm_medium=rss;2022-10-06 14:51:56+03:00;1665057116.0
44;booker;"Информационное письмо Банка России от 06.10.2022 N ИН-04-13/122 ""О совершении банками с универсальной лицензией действий, предусмотренных пунктом 5.8-1 статьи 7 Федерального закона от 07.08.2001 N 115-ФЗ ""О противодействии легализации (отмыванию) доходов, полученных преступным путем, и финансированию терроризма""";;До 31 декабря 2022 года не применяются меры к банкам, не исполняющим обязанность по обеспечению возможности клиентам-физлицам открывать счета и получать кредиты в рублях без личного присутствия после проведения идентификации через сайт или мобильное приложение...;До 31 декабря 2022 года не применяются меры к банкам, не исполняющим обязанность по обеспечению возможности клиентам-физлицам открывать счета и получать кредиты в рублях без личного присутствия после проведения идентификации через сайт или мобильное приложение...;http://www.consultant.ru/law/hotdocs/77387.html#utm_campaign=rss_hotdocs&utm_source=rss_reader&utm_medium=rss;2022-10-06 12:29:22+03:00;1665048562.0
45;booker;"Проект Федерального закона N 206487-8 ""О внесении изменений в Бюджетный кодекс Российской Федерации""";;"В Бюджетном кодексе предлагается закрепить положения о безотзывности государственных (муниципальных) гарантий по кредитам
Действующими нормами кодекса предусматривается возможность отозвать гарантию в установленных случаях: изменение условий основного обязательства...";"В Бюджетном кодексе предлагается закрепить положения о безотзывности государственных (муниципальных) гарантий по кредитам
Действующими нормами кодекса предусматривается возможность отозвать гарантию в установленных случаях: изменение условий основного обязательства...";http://www.consultant.ru/law/hotdocs/77385.html#utm_campaign=rss_hotdocs&utm_source=rss_reader&utm_medium=rss;2022-10-06 10:16:44+03:00;1665040604.0
46;booker;"""На горячей линии 122 по вопросам частичной мобилизации начали принимать обращения от юридических лиц и индивидуальных предпринимателей"" (информация с официального сайта Мэра Москвы от 06.10.2022)";;"Теперь на горячую линию по телефону 122, открытую для оперативного рассмотрения жалоб москвичей по мобилизационным повесткам, могут обращаться не только граждане, но и столичные работодатели, получившие повестки на своих сотрудников
Ранее такие обращения принимались...";"Теперь на горячую линию по телефону 122, открытую для оперативного рассмотрения жалоб москвичей по мобилизационным повесткам, могут обращаться не только граждане, но и столичные работодатели, получившие повестки на своих сотрудников
Ранее такие обращения принимались...";http://www.consultant.ru/law/hotdocs/77384.html#utm_campaign=rss_hotdocs&utm_source=rss_reader&utm_medium=rss;2022-10-06 10:06:32+03:00;1665039992.0
47;booker;"Указ Президента РФ от 05.10.2022 N 712 ""О внесении изменения в Указ Президента Российской Федерации от 24 сентября 2022 г. N 664 ""О предоставлении отсрочки от призыва на военную службу по мобилизации""";;"Аспиранты, ординаторы и семинаристы получат отсрочку от призыва на военную службу по мобилизации
Уточнениями, внесенными в Указ Президента РФ от 24 сентября 2022 г. N 664 ""О предоставлении отсрочки от призыва на военную службу по мобилизации"", установлено...";"Аспиранты, ординаторы и семинаристы получат отсрочку от призыва на военную службу по мобилизации
Уточнениями, внесенными в Указ Президента РФ от 24 сентября 2022 г. N 664 ""О предоставлении отсрочки от призыва на военную службу по мобилизации"", установлено...";http://www.consultant.ru/law/hotdocs/77383.html#utm_campaign=rss_hotdocs&utm_source=rss_reader&utm_medium=rss;2022-10-06 10:06:32+03:00;1665039992.0
48;booker;"Постановление Правительства РФ от 03.10.2022 N 1751 ""Об установлении на 2023 год допустимой доли иностранных работников, используемых хозяйствующими субъектами, осуществляющими на территории Российской Федерации отдельные виды экономической деятельности""";;"Правительством РФ на 2023 год утверждена допустимая доля работников-иностранцев, используемых хозяйствующими субъектами
Для ряда территорий (Удмуртская Республика, Краснодарский край, Приморский край и др.) установлены собственные лимиты численности иностранных...";"Правительством РФ на 2023 год утверждена допустимая доля работников-иностранцев, используемых хозяйствующими субъектами
Для ряда территорий (Удмуртская Республика, Краснодарский край, Приморский край и др.) установлены собственные лимиты численности иностранных...";http://www.consultant.ru/law/hotdocs/77382.html#utm_campaign=rss_hotdocs&utm_source=rss_reader&utm_medium=rss;2022-10-06 10:06:31+03:00;1665039991.0
49;booker;"Приказ Минсельхоза России от 29.08.2022 N 566 ""Об утверждении Порядка рассмотрения заявлений и выдачи заключения (разрешительного документа) на ввоз средств защиты растений (пестицидов), включенных в единый перечень товаров, к которым применяются меры нетарифного регулирования в торговле с третьими странами"" (Зарегистрировано в Минюсте России 05.10.2022 N 70390)";;"Актуализирован порядок рассмотрения заявлений и  выдачи заключения на ввоз зарегистрированных и незарегистрированных  пестицидов для проведения регистрационных или научных исследований
Установлены в числе прочего перечень сведений, указываемых в  заявлении...";"Актуализирован порядок рассмотрения заявлений и  выдачи заключения на ввоз зарегистрированных и незарегистрированных  пестицидов для проведения регистрационных или научных исследований
Установлены в числе прочего перечень сведений, указываемых в  заявлении...";http://www.consultant.ru/law/hotdocs/77386.html#utm_campaign=rss_hotdocs&utm_source=rss_reader&utm_medium=rss;2022-10-06 13:35:40+03:00;1665052540.0
50;booker;<Информация> Росстата от 05.10.2022 <Росстат разъясняет особенности учета занятости добровольцев и мобилизованных работников>;;"Разъяснены отдельные вопросы заполнения форм федерального статистического наблюдения в связи с частичной мобилизацией
В частности, призванные по мобилизации и добровольцы на весь период прохождения военной службы или оказания добровольного содействия Вооруженным...";"Разъяснены отдельные вопросы заполнения форм федерального статистического наблюдения в связи с частичной мобилизацией
В частности, призванные по мобилизации и добровольцы на весь период прохождения военной службы или оказания добровольного содействия Вооруженным...";http://www.consultant.ru/law/hotdocs/77381.html#utm_campaign=rss_hotdocs&utm_source=rss_reader&utm_medium=rss;2022-10-05 15:57:24+03:00;1664974644.0
51;booker;<Письмо> Минстроя России от 04.10.2022 N 51018-ИФ/09 <Об индексах изменения сметной стоимости строительства в III квартале 2022 года>;;"Минстрой России дополнительно информирует об индексах изменения сметной стоимости строительства в III квартале 2022 года
В дополнение к письмам Минстроя России от 5 августа 2022 N 39010-ИФ/09, от 15 августа 2022 N 40506-ИФ/09, от 23 августа 2022 г. N 42220-АЛ/09...";"Минстрой России дополнительно информирует об индексах изменения сметной стоимости строительства в III квартале 2022 года
В дополнение к письмам Минстроя России от 5 августа 2022 N 39010-ИФ/09, от 15 августа 2022 N 40506-ИФ/09, от 23 августа 2022 г. N 42220-АЛ/09...";http://www.consultant.ru/law/hotdocs/77380.html#utm_campaign=rss_hotdocs&utm_source=rss_reader&utm_medium=rss;2022-10-05 13:52:13+03:00;1664967133.0
52;booker;"Приказ ФФОМС от 05.09.2022 N 108н ""Об утверждении порядка и формы представления отчетности о реализации мероприятий по организации дополнительного профессионального образования медицинских работников по программам повышения квалификации, а также по приобретению и проведению ремонта медицинского оборудования, включенных в план мероприятий по организации дополнительного профессионального образования медицинских работников по программам повышения квалификации, а также по приобретению и проведению ремонта медицинского оборудования, и об использовании предоставленных средств для их финансового обеспечения"" (Зарегистрировано в Минюсте России 04.10.2022 N 70376)";;"Утвержден порядок представления отчетности об организации повышения квалификации медработников, а также о приобретении (ремонте) используемого в этих целях оборудования
Отчетность представляется в форме электронного документа ежеквартально в срок до 15 числа...";"Утвержден порядок представления отчетности об организации повышения квалификации медработников, а также о приобретении (ремонте) используемого в этих целях оборудования
Отчетность представляется в форме электронного документа ежеквартально в срок до 15 числа...";http://www.consultant.ru/law/hotdocs/77370.html#utm_campaign=rss_hotdocs&utm_source=rss_reader&utm_medium=rss;2022-10-05 12:58:42+03:00;1664963922.0
53;booker;"Постановление Конституционного Суда РФ от 04.10.2022 N 40-П ""По делу о проверке конституционности пункта 17 части 1 статьи 30 Федерального закона ""О страховых пенсиях"" и статей 12 и 13 Федерального закона ""О специальной оценке условий труда"" в связи с жалобой гражданки И.В. Глущенко""";;"Признаны не соответствующими Конституции РФ нормы законодательства, препятствующие учету работы медперсонала с осужденными для досрочного назначения страховой пенсии
Речь идет о пункте 17 части 1 статьи 30 Федерального закона ""О страховых пенсиях""...";"Признаны не соответствующими Конституции РФ нормы законодательства, препятствующие учету работы медперсонала с осужденными для досрочного назначения страховой пенсии
Речь идет о пункте 17 части 1 статьи 30 Федерального закона ""О страховых пенсиях""...";http://www.consultant.ru/law/hotdocs/77369.html#utm_campaign=rss_hotdocs&utm_source=rss_reader&utm_medium=rss;2022-10-05 12:50:40+03:00;1664963440.0
54;booker;Подписан закон о кредитных каникулах для военнослужащих;;Мобилизованные граждане (и не только) вправе обратиться в банк за оформлением кредитных каникул.;Мобилизованные граждане (и не только) вправе обратиться в банк за оформлением кредитных каникул.;https://glavkniga.ru/news/14362;2022-10-07 15:11:46+04:00;1665141106.0
55;booker;Мобилизованных граждан и их семьи освободили от пеней за неоплату ЖКХ;;Гражданам, призванным в армию в ходе мобилизации, не будут начисляться пени за просрочку платежей за коммуналку.;Гражданам, призванным в армию в ходе мобилизации, не будут начисляться пени за просрочку платежей за коммуналку.;https://glavkniga.ru/news/14361;2022-10-07 13:38:57+04:00;1665135537.0
56;booker;В случае мобилизации работника нужно оперативно сдать СЗВ-ТД;;Внесены изменения в Закон о персучете. Установлено, что сдавать СЗВ-ТД нужно в том числе в случае приостановления действия трудового договора с мобилизованным работником.;Внесены изменения в Закон о персучете. Установлено, что сдавать СЗВ-ТД нужно в том числе в случае приостановления действия трудового договора с мобилизованным работником.;https://glavkniga.ru/news/14360;2022-10-07 12:14:59+04:00;1665130499.0
57;booker;В ТК внесены «мобилизационные» поправки;;Трудовой кодекс дополнен новой статьей «Особенности обеспечения трудовых прав работников, призванных на военную службу по мобилизации…».;Трудовой кодекс дополнен новой статьей «Особенности обеспечения трудовых прав работников, призванных на военную службу по мобилизации…».;https://glavkniga.ru/news/14359;2022-10-07 11:54:42+04:00;1665129282.0
58;booker;Детский НДФЛ-вычет может получить и безработный;;Если гражданин нигде не работает, не зарегистрирован в качестве ИП, а доходы получает от сдачи квартиры в аренду другим «физикам», он все равно имеет право на стандартный вычет по НДФЛ.;Если гражданин нигде не работает, не зарегистрирован в качестве ИП, а доходы получает от сдачи квартиры в аренду другим «физикам», он все равно имеет право на стандартный вычет по НДФЛ.;https://glavkniga.ru/news/14349;2022-10-07 09:32:00+04:00;1665120720.0
59;booker;Когда получивший повестку вправе не идти в военкомат;;Гражданин, получивший повестку, обязан явиться в военкомат. Но есть ряд уважительных причин для неявки.;Гражданин, получивший повестку, обязан явиться в военкомат. Но есть ряд уважительных причин для неявки.;https://glavkniga.ru/news/14350;2022-10-07 08:28:00+04:00;1665116880.0
60;booker;Отсрочка от частичной мобилизации: новый план;;Подготовлен очередной законопроект, предлагающий расширить перечень лиц, имеющих право на отсрочку при частичной мобилизации.;Подготовлен очередной законопроект, предлагающий расширить перечень лиц, имеющих право на отсрочку при частичной мобилизации.;https://glavkniga.ru/news/14348;2022-10-07 05:46:00+04:00;1665107160.0
61;booker;ИФНС не может отказать в сверке расчетов;;Инспекции обязаны по заявлению налогоплательщика проводить  совместную сверку расчетов.;Инспекции обязаны по заявлению налогоплательщика проводить  совместную сверку расчетов.;https://glavkniga.ru/news/14347;2022-10-06 17:21:24+04:00;1665062484.0
62;booker;Определены новые лимиты на привлечение иностранных сотрудников;;Правительство РФ утвердило допустимую долю иностранных работников для отдельных отраслей российского бизнеса на 2023 год.;Правительство РФ утвердило допустимую долю иностранных работников для отдельных отраслей российского бизнеса на 2023 год.;https://glavkniga.ru/news/14346;2022-10-06 15:20:36+04:00;1665055236.0
63;booker;Горячая линия по мобилизации: теперь и для работодателей;;На телефон горячей линии 122 по вопросам, касающимся частичной мобилизации, теперь могут обращаться организации и ИП. Ранее рассматривались обращения только частных лиц.;На телефон горячей линии 122 по вопросам, касающимся частичной мобилизации, теперь могут обращаться организации и ИП. Ранее рассматривались обращения только частных лиц.;https://glavkniga.ru/news/14345;2022-10-06 11:55:04+04:00;1665042904.0
64;booker;Декларации по НДС и прибыли за III квартал: главное за 5 минут;;Форма и состав налоговых деклараций, ставка НДС 0% для гостиниц, авансовые платежи и дивиденды в декларации по прибыли.;Форма и состав налоговых деклараций, ставка НДС 0% для гостиниц, авансовые платежи и дивиденды в декларации по прибыли.;https://glavkniga.ru/news/14335;2022-10-06 11:00:00+04:00;1665039600.0
65;booker;Отсрочку от мобилизации получили больше учащихся;;Президент РФ дополнил перечень категорий учащихся, которых не будут призывать в армию в ходе мобилизации.;Президент РФ дополнил перечень категорий учащихся, которых не будут призывать в армию в ходе мобилизации.;https://glavkniga.ru/news/14344;2022-10-06 10:59:47+04:00;1665039587.0
66;booker;Правила заполнения платежек решили полностью переписать;;Поскольку с 2023 года перечислять налоги и взносы организации и ИП будут через механизм единого налогового платежа (ЕНП), изменятся правила заполнения платежек. В связи с этим Минфин планирует вовсе отменить приказ от 12.11.2013 № 107н и утвердить новый.;Поскольку с 2023 года перечислять налоги и взносы организации и ИП будут через механизм единого налогового платежа (ЕНП), изменятся правила заполнения платежек. В связи с этим Минфин планирует вовсе отменить приказ от 12.11.2013 № 107н и утвердить новый.;"https://login.consultant.ru/link/?req=doc;base=LAW;n=381045;dst=1000000001";2022-10-06 09:16:00+04:00;1665033360.0
67;booker;Путешествия во время частичной мобилизации: разъясняет Ростуризм;;Опубликованы ответы на наиболее часто задаваемые туристами вопросы, связанные с мобилизацией.;Опубликованы ответы на наиболее часто задаваемые туристами вопросы, связанные с мобилизацией.;https://glavkniga.ru/news/14342;2022-10-06 05:51:00+04:00;1665021060.0
68;booker;Включаются ли мобилизованные работники в среднесписочную численность;;Росстат разъяснил порядок учета сотрудников, призванных на службу по мобилизации, в списочной численности и среднесписочной численности работников.;Росстат разъяснил порядок учета сотрудников, призванных на службу по мобилизации, в списочной численности и среднесписочной численности работников.;https://glavkniga.ru/news/14341;2022-10-05 17:11:05+04:00;1664975465.0
69;booker;Аккредитованным IT-компаниям нужно оперативно рассекретить налоговые тайны;;С 01.10.2022 вступили в силу новые правила госаккредитации IT-организаций. Минцифры предупредило: уже аккредитованным компаниям повторно подавать заявление не требуется. Но обязательно нужно сделать кое-что другое.;С 01.10.2022 вступили в силу новые правила госаккредитации IT-организаций. Минцифры предупредило: уже аккредитованным компаниям повторно подавать заявление не требуется. Но обязательно нужно сделать кое-что другое.;https://glavkniga.ru/news/14316;2022-10-05 15:33:17+04:00;1664969597.0
70;booker;Сотрудники военкоматов не вправе опечатывать квартиры призывников;;Повестку гражданину должны вручать лично в руки под роспись. Если сотрудники военкомата пришли к призывнику, когда его не было дома, опечатать его квартиру они не вправе.;Повестку гражданину должны вручать лично в руки под роспись. Если сотрудники военкомата пришли к призывнику, когда его не было дома, опечатать его квартиру они не вправе.;https://glavkniga.ru/news/14338;2022-10-05 13:16:27+04:00;1664961387.0
71;booker;Предварительно определены коэффициенты-дефляторы на 2023 год;;Подготовлен проект приказа, устанавливающего значения коэффициентов-дефляторов на 2023 год.;Подготовлен проект приказа, устанавливающего значения коэффициентов-дефляторов на 2023 год.;https://glavkniga.ru/news/14337;2022-10-05 13:12:04+04:00;1664961124.0
72;booker;Мобилизация сотрудников не влияет на право организации на льготные кредиты;;Одно из главных условий для сохранения льготной ставки кредита, взятого по программе «ФОТ 3.0», - сохранение не менее 90% рабочих мест. А что будет, если часть сотрудников призвали в армию по мобилизации?;Одно из главных условий для сохранения льготной ставки кредита, взятого по программе «ФОТ 3.0», - сохранение не менее 90% рабочих мест. А что будет, если часть сотрудников призвали в армию по мобилизации?;https://glavkniga.ru/news/14336;2022-10-05 11:50:34+04:00;1664956234.0
73;booker;Работодатель не должен требовать от сотрудника номер электронного больничного;;По мнению Роструда, работодатель не имеет права требовать от работника сообщить номер электронного листка нетрудоспособности.;По мнению Роструда, работодатель не имеет права требовать от работника сообщить номер электронного листка нетрудоспособности.;https://glavkniga.ru/news/14333;2022-10-05 09:31:00+04:00;1664947860.0
74;booker;Кредитные каникулы для мобилизованных: разъяснения Центробанка;;Совет Федерации одобрил проект закона об особенностях предоставления кредитных каникул военнослужащим и членам их семей. Банк России на своем официальном сайте осветил основные моменты новых правил.;Совет Федерации одобрил проект закона об особенностях предоставления кредитных каникул военнослужащим и членам их семей. Банк России на своем официальном сайте осветил основные моменты новых правил.;https://glavkniga.ru/news/14334;2022-10-05 05:51:00+04:00;1664934660.0
75;booker;Отпуск, из которого работника призвали по мобилизации, продлевается;;Если работник был мобилизован во время ежегодного оплачиваемого отпуска, недогулянный отпуск продлевается автоматически.;Если работник был мобилизован во время ежегодного оплачиваемого отпуска, недогулянный отпуск продлевается автоматически.;https://glavkniga.ru/news/14332;2022-10-04 16:09:17+04:00;1664885357.0
76;booker;Как обжаловать получение повестки;;На портале Госуслуг заработал сервис, при помощи которого можно пожаловаться на ошибочно полученную повестку.;На портале Госуслуг заработал сервис, при помощи которого можно пожаловаться на ошибочно полученную повестку.;https://glavkniga.ru/news/14329;2022-10-04 14:29:57+04:00;1664879397.0
77;booker;Подготовлены меры поддержки бизнеса в условиях мобилизации;;Разработан ряд мер для решения проблем малого бизнеса и ИП, связанных с частичной мобилизацией.;Разработан ряд мер для решения проблем малого бизнеса и ИП, связанных с частичной мобилизацией.;https://glavkniga.ru/news/14328;2022-10-04 13:04:27+04:00;1664874267.0
78;booker;Мобилизованным самозанятым не нужно сниматься с учета;;Если плательщик НПД был призван на службу по мобилизации, ему не обязательно сниматься с учета в качестве самозанятого.;Если плательщик НПД был призван на службу по мобилизации, ему не обязательно сниматься с учета в качестве самозанятого.;https://glavkniga.ru/news/14327;2022-10-04 11:58:34+04:00;1664870314.0
79;booker;Можно ли работать по совместительству, пока на основной работе обед;;Сотрудник хочет оформить внутреннее совместительство. При этом второй работой он хочет заниматься во время обеденного перерыва на первой. Так можно?;Сотрудник хочет оформить внутреннее совместительство. При этом второй работой он хочет заниматься во время обеденного перерыва на первой. Так можно?;https://glavkniga.ru/news/14326;2022-10-04 09:32:00+04:00;1664861520.0
80;booker;Для частичной мобилизации установят особые правила по отсрочке;;Подготовлен законопроект, предлагающий отдельно установить, какие категории граждан имеют право на отсрочку от призыва при общей и при частичной мобилизации.;Подготовлен законопроект, предлагающий отдельно установить, какие категории граждан имеют право на отсрочку от призыва при общей и при частичной мобилизации.;https://glavkniga.ru/news/14325;2022-10-04 05:52:00+04:00;1664848320.0
81;booker;Подготовлены важные поправки для мобилизованных ИП;;Индивидуальные предприниматели, призванные на военную службу в ходе мобилизации, смогут передавать свой бизнес управляющему и оформлять кредитные каникулы.;Индивидуальные предприниматели, призванные на военную службу в ходе мобилизации, смогут передавать свой бизнес управляющему и оформлять кредитные каникулы.;https://glavkniga.ru/news/14324;2022-10-03 17:34:56+04:00;1664804096.0
82;booker;Отчетность за III квартал и «мобилизационные» проблемы: все, что нужно знать;;Октябрь – традиционно горячее время для бухгалтера. Ведь подходят сроки сдачи отчетности за III квартал/9 месяцев. А в этом году бухгалтеры и кадровики столкнулись с новыми, ранее не известными сложностями в связи с объявлением частичной мобилизации. Разобраться во всех актуальных вопросах вам поможет семинар А.И. Дыбова «Отчет за III квартал 2022 года».;Октябрь – традиционно горячее время для бухгалтера. Ведь подходят сроки сдачи отчетности за III квартал/9 месяцев. А в этом году бухгалтеры и кадровики столкнулись с новыми, ранее не известными сложностями в связи с объявлением частичной мобилизации. Разобраться во всех актуальных вопросах вам поможет семинар А.И. Дыбова «Отчет за III квартал 2022 года».;https://glavkniga.ru/seminars/2022/8/seminar/88 ;2022-10-03 16:43:18+04:00;1664800998.0
83;booker;Налоговики раскрыли данные о доходах и расходах компаний;;ФНС разместила в открытом доступе сведения о доходах и расходах организаций за 2021 год, а также данные об уплаченных компаниями налогах.;ФНС разместила в открытом доступе сведения о доходах и расходах организаций за 2021 год, а также данные об уплаченных компаниями налогах.;https://glavkniga.ru/news/14321;2022-10-03 16:17:24+04:00;1664799444.0
84;booker;Читайте журнал «Главная книга» № 20 за 2022 год;;Основные темы нового выпуска: Частичная мобилизация - ваши действия, если призвали работника. Что делать предпринимателю, если его призвали по мобилизации. Если контрагент из ЕАЭС - важно определиться, кто из вас будет платить НДС по работам и услугам и в каком качестве - как налогоплательщик или как налоговый агент. Подарки между ИП – когда придется учесть стоимость подарка в бизнес-доходах. Пояснения для ИФНС - как оправдаться, если налоговики прислали требование о представлении пояснений по сданной вами отчетности. Вы найдете образцы на разные случаи жизни.;Основные темы нового выпуска: Частичная мобилизация - ваши действия, если призвали работника. Что делать предпринимателю, если его призвали по мобилизации. Если контрагент из ЕАЭС - важно определиться, кто из вас будет платить НДС по работам и услугам и в каком качестве - как налогоплательщик или как налоговый агент. Подарки между ИП – когда придется учесть стоимость подарка в бизнес-доходах. Пояснения для ИФНС - как оправдаться, если налоговики прислали требование о представлении пояснений по сданной вами отчетности. Вы найдете образцы на разные случаи жизни.;https://glavkniga.ru/news/14322;2022-10-03 16:03:40+04:00;1664798620.0
85;booker;Бизнес освободили от большинства проверок;;В 2023 году плановые неналоговые проверки будут проводиться только в отношении компаний, деятельность которых связана с чрезвычайно высоким и высоким рисками.;В 2023 году плановые неналоговые проверки будут проводиться только в отношении компаний, деятельность которых связана с чрезвычайно высоким и высоким рисками.;https://glavkniga.ru/news/14320;2022-10-03 15:29:34+04:00;1664796574.0
86;booker;Как сдавать отчетность, если директора мобилизовали;;В случае когда руководитель компании был призван в армию по мобилизации, бухгалтерскую и налоговую отчетность от имени компании может подписывать уполномоченный представитель организации.;В случае когда руководитель компании был призван в армию по мобилизации, бухгалтерскую и налоговую отчетность от имени компании может подписывать уполномоченный представитель организации.;https://glavkniga.ru/news/14319;2022-10-03 14:16:41+04:00;1664792201.0
87;booker;Введен запрет на перевозки по РФ грузовиками недружественных перевозчиков;;На период с 10.10.2022 по 31.12.2022 установлен запрет на международные перевозки грузов по территории РФ транспортными средствами, принадлежащими иностранным перевозчикам из недружественных государств.;На период с 10.10.2022 по 31.12.2022 установлен запрет на международные перевозки грузов по территории РФ транспортными средствами, принадлежащими иностранным перевозчикам из недружественных государств.;https://glavkniga.ru/news/14317;2022-10-03 12:12:05+04:00;1664784725.0
88;booker;Откорректированы условия госаккредитации IT-компаний;;С 01.10.2022 действуют новые правила аккредитации организаций, ведущих деятельность в области информационных технологий.;С 01.10.2022 действуют новые правила аккредитации организаций, ведущих деятельность в области информационных технологий.;https://glavkniga.ru/news/14316;2022-10-03 11:57:40+04:00;1664783860.0
89;booker;Смена инспекции: как платить налоги;;Организация сменила юридический адрес и перешла в новую инспекцию. Как платить налоги, «переданные» старой инспекцией? Как подавать уточненную налоговую отчетность за прошлые периоды? На эти и другие вопросы отвечает специалист ФНС Екатерина Сергеевна Григоренко.;Организация сменила юридический адрес и перешла в новую инспекцию. Как платить налоги, «переданные» старой инспекцией? Как подавать уточненную налоговую отчетность за прошлые периоды? На эти и другие вопросы отвечает специалист ФНС Екатерина Сергеевна Григоренко.;https://glavkniga.ru/news/14233;2022-10-03 09:06:00+04:00;1664773560.0
90;booker;Самозанятые смогут «купить» себе больничный;;Минтруд разработал механизм, благодаря которому граждане – не ИП, зарегистрированные в качестве самозанятых, могут получить право на оплачиваемые больничные.;Минтруд разработал механизм, благодаря которому граждане – не ИП, зарегистрированные в качестве самозанятых, могут получить право на оплачиваемые больничные.;https://glavkniga.ru/news/14315;2022-10-03 05:52:00+04:00;1664761920.0
91;booker;Мобилизованных могут освободить от уплаты налога на имущество;;На рассмотрение в Госдуму поступил законопроект, предлагающий освободить граждан, призванных в армию в рамках мобилизации, от уплаты налога на имущество физлиц за их недвижимость.;На рассмотрение в Госдуму поступил законопроект, предлагающий освободить граждан, призванных в армию в рамках мобилизации, от уплаты налога на имущество физлиц за их недвижимость.;https://glavkniga.ru/news/14314;2022-10-02 09:01:00+04:00;1664686860.0
92;booker;В Москве открылся центр поддержки семей мобилизованных;;С 1 октября в столице заработает специальный центр поддержки для родственников москвичей, призванных на военную службу в рамках частичной мобилизации.;С 1 октября в столице заработает специальный центр поддержки для родственников москвичей, призванных на военную службу в рамках частичной мобилизации.;https://glavkniga.ru/news/14313;2022-10-01 08:53:00+04:00;1664599980.0
93;booker;Об исключении из реестра иностранных средств массовой информации, выполняющих функции иностранного агента;;;;https://minjust.gov.ru/ru/events/49131/;2022-10-08 05:38:38+00:00;1665207518.0
94;booker;Евгений Забарчук и Олег Свириденко посетили г. Казань с рабочим визитом;;;;https://minjust.gov.ru/ru/events/49130/;2022-10-08 05:38:38+00:00;1665207518.0
95;booker;XI Петербургский международный юридический форум пройдет с 11 по 13 мая 2023 года;;;;https://minjust.gov.ru/ru/events/49129/;2022-10-08 05:38:38+00:00;1665207518.0
96;booker;Одобрен Федеральный закон, направленный на ограничение срока пересмотра судебных актов о возмещении имущественного вреда лицам, необоснованно подвергшимся уголовному преследованию;;;;https://minjust.gov.ru/ru/events/49125/;2022-10-08 05:38:38+00:00;1665207518.0
97;booker;Государственной Думой приняты законопроекты, направленные на уточнение порядка подачи заявления о присуждении компенсации за нарушение права на уголовное судопроизводство;;;;https://minjust.gov.ru/ru/events/49124/;2022-10-08 05:38:38+00:00;1665207518.0
98;booker;Константин Чуйченко встретился с Чрезвычайным и Полномочным Послом Объединенных Арабских Эмиратов в Российской Федерации Мухаммедом Аль-Джабером;;;;https://minjust.gov.ru/ru/events/49123/;2022-10-08 05:38:38+00:00;1665207518.0
99;booker;Разработаны законопроекты, направленные на гуманизацию условий содержания подозреваемых, обвиняемых и осужденных;;;;https://minjust.gov.ru/ru/events/49122/;2022-10-08 05:38:38+00:00;1665207518.0
100;booker;В Республике Мордовия, Новгородской, Новосибирской и Тульской областях появятся государственные юридические бюро;;;;https://minjust.gov.ru/ru/events/49121/;2022-10-08 05:38:38+00:00;1665207518.0
101;booker;Главным управлением Минюста России по Москве проводится серия образовательных семинаров-совещаний с заинтересованными органами власти и иными участниками международной правовой помощи;;;;https://minjust.gov.ru/ru/events/49120/;2022-10-08 05:38:38+00:00;1665207518.0
102;booker;Максим Бесхмельницын посетил Санкт-Петербург с рабочим визитом;;;;https://minjust.gov.ru/ru/events/49119/;2022-10-08 05:38:38+00:00;1665207518.0
103;owner;Об исключении из реестра иностранных средств массовой информации, выполняющих функции иностранного агента;;;;https://minjust.gov.ru/ru/events/49131/;2022-10-08 05:38:38+00:00;1665207518.0
104;owner;Евгений Забарчук и Олег Свириденко посетили г. Казань с рабочим визитом;;;;https://minjust.gov.ru/ru/events/49130/;2022-10-08 05:38:38+00:00;1665207518.0
105;owner;XI Петербургский международный юридический форум пройдет с 11 по 13 мая 2023 года;;;;https://minjust.gov.ru/ru/events/49129/;2022-10-08 05:38:38+00:00;1665207518.0
106;owner;Одобрен Федеральный закон, направленный на ограничение срока пересмотра судебных актов о возмещении имущественного вреда лицам, необоснованно подвергшимся уголовному преследованию;;;;https://minjust.gov.ru/ru/events/49125/;2022-10-08 05:38:38+00:00;1665207518.0
107;owner;Государственной Думой приняты законопроекты, направленные на уточнение порядка подачи заявления о присуждении компенсации за нарушение права на уголовное судопроизводство;;;;https://minjust.gov.ru/ru/events/49124/;2022-10-08 05:38:38+00:00;1665207518.0
108;owner;Константин Чуйченко встретился с Чрезвычайным и Полномочным Послом Объединенных Арабских Эмиратов в Российской Федерации Мухаммедом Аль-Джабером;;;;https://minjust.gov.ru/ru/events/49123/;2022-10-08 05:38:38+00:00;1665207518.0
109;owner;Разработаны законопроекты, направленные на гуманизацию условий содержания подозреваемых, обвиняемых и осужденных;;;;https://minjust.gov.ru/ru/events/49122/;2022-10-08 05:38:38+00:00;1665207518.0
110;owner;В Республике Мордовия, Новгородской, Новосибирской и Тульской областях появятся государственные юридические бюро;;;;https://minjust.gov.ru/ru/events/49121/;2022-10-08 05:38:38+00:00;1665207518.0
111;owner;Главным управлением Минюста России по Москве проводится серия образовательных семинаров-совещаний с заинтересованными органами власти и иными участниками международной правовой помощи;;;;https://minjust.gov.ru/ru/events/49120/;2022-10-08 05:38:38+00:00;1665207518.0
112;owner;Максим Бесхмельницын посетил Санкт-Петербург с рабочим визитом;;;;https://minjust.gov.ru/ru/events/49119/;2022-10-08 05:38:38+00:00;1665207518.0
